{"FedMLP-bal": [{"loss": [16.605381204562853, 12.836201524858202, 10.437857553835663, 9.500382721245682, 9.880157555964768, 10.621109499043511, 11.958592957066719, 12.422323926911575, 13.013230834790415, 14.413090974027062, 14.986919414495143, 15.252715826938548, 16.295933279061455, 16.774143100998117, 18.132902268329985, 18.560355962000784, 19.75127412563454, 19.897872142224607, 19.87583282354991, 21.07570387993095, 22.685404086108218, 22.658167771868687, 22.243716533587047, 23.490492656877525, 23.56680354489654, 23.509566484252222, 23.355269237755063, 23.748723042460885, 24.853002167204806, 25.348129379037992, 26.010765884146675, 25.795590387183353, 26.28094011046791, 27.313328134159537, 28.647840254370074, 27.90802617054979, 27.847053340560922, 27.420566440841867, 28.814615560610406, 29.165716478434945, 28.860396239601002, 28.814197461872944, 28.893960947049305, 29.28011871197818, 29.143683542203245, 29.58842890611358, 30.006792380980592, 30.23590344893578, 30.500248440247862, 30.66272677891841, 30.752285791571044, 30.91505496988656, 30.72579096739127, 31.00087556399359, 31.07652298244643, 31.043001259046505, 31.025199151709987, 30.952467194242978, 30.9248058446223, 30.902952932259964, 30.916668436860782], "train_acc": [0.08526003294829126, 0.1785060090541225, 0.3262471671779072, 0.4214765428850266, 0.46871661465346326, 0.49947313203042, 0.5142563021785574, 0.5296207603528308, 0.5341473602489426, 0.5406563447445281, 0.540641608198235, 0.5407668742174453, 0.5436665479092996, 0.5519852862257956, 0.5546587614901716, 0.5572336829478178, 0.5588061136426081, 0.5569333596114083, 0.560533911363573, 0.5639271003045447, 0.5646943749842647, 0.5652242285822997, 0.568599338099276, 0.566713761972049, 0.569436044140242, 0.5699029729293565, 0.5739368714700704, 0.5733018160245511, 0.5751379933796449, 0.5750903938621517, 0.5736070079424996, 0.5767314580383317, 0.576706004107593, 0.5756074370443336, 0.5737574266242605, 0.5776097594902365, 0.5805341401909786, 0.583176027177449, 0.5784623445207977, 0.578261661566448, 0.5797088817950136, 0.5806812707735881, 0.5821482844545235, 0.5807360336606437, 0.5820276715467738, 0.580590070483489, 0.5801160459844463, 0.57869321195581, 0.5792841454176574, 0.5789174182240199, 0.578611600509082, 0.5787158957473211, 0.5790414711352634, 0.5786494239362047, 0.5788595950342709, 0.5788891564375371, 0.5792360480572064, 0.57946730711355, 0.5794758910118005, 0.5797463984429191, 0.5797201859891737], "test_acc": [0.08214097566476819, 0.16880613927369123, 0.3086079100803131, 0.40084279586765204, 0.45090960879979897, 0.4803228300719199, 0.49060620995165244, 0.5053771528810829, 0.50753375540991, 0.5120663444052256, 0.512958725882692, 0.51507879872131, 0.5160980674360707, 0.5228186603079775, 0.5242231760408116, 0.5256031271460336, 0.5259966129635155, 0.5236620101531555, 0.5272197707401947, 0.5287645253337868, 0.5288805446014699, 0.5299568254532642, 0.5325552115294495, 0.5305706237668251, 0.5321614347965682, 0.5327296115518232, 0.5360675073841826, 0.5347021990421894, 0.5366733307172656, 0.5356489885695103, 0.5343945059221776, 0.5356866700200511, 0.5348732554838306, 0.5354938407329153, 0.5335443147384649, 0.5363172391171717, 0.5389153441601919, 0.5390167919841298, 0.5352374597301865, 0.5354156005731594, 0.5362539647033521, 0.5353596213259021, 0.5375462924529104, 0.5361366770181795, 0.53625934298579, 0.5352926389211249, 0.5357165954863137, 0.5346683662235872, 0.5348213754548315, 0.534512484603746, 0.5349927616285463, 0.5342762740069532, 0.5347730053164057, 0.5345336869932577, 0.5346986557281843, 0.534080050098897, 0.5347051067391839, 0.5348729398097751, 0.5349329786284971, 0.5345448222230934, 0.535350546409858], "coef": [1.0, 1.0, 1.0, 1.0, 1.0, 1.0, 1.0, 1.0, 1.0, 1.0, 1.0, 1.0, 1.0, 1.0, 1.0, 1.0, 1.0, 1.0, 1.0, 1.0, 1.0, 1.0, 1.0, 1.0, 1.0, 1.0, 1.0, 1.0, 1.0, 1.0, 1.0, 1.0, 1.0, 1.0, 1.0, 1.0, 1.0, 1.0, 1.0, 1.0, 1.0, 1.0, 1.0, 1.0, 1.0, 1.0, 1.0, 1.0, 1.0, 1.0, 1.0, 1.0, 1.0, 1.0, 1.0, 1.0, 1.0, 1.0, 1.0, 1.0, 1.0]}, {"loss": [17.69666573016902, 12.941647954578054, 10.531929812396127, 9.122164821986356, 9.034764594552142, 9.213579453814889, 10.000779413220602, 10.829216422113538, 11.288863876912199, 12.365793572621678, 13.179714735004865, 13.903422784814813, 15.511999601852487, 16.326192928535736, 17.145382283000835, 18.19753536847841, 18.54367497219009, 18.444895278239436, 18.860640532478936, 19.20908607386991, 18.320628601451805, 19.43107567526247, 19.226240308430828, 19.92704814057511, 21.094843967782598, 21.651867557632972, 21.656347149552236, 22.75149435645876, 23.19612552457835, 23.287101250783433, 23.162523789216458, 23.08607637903643, 24.275838863728314, 25.06852263886637, 25.030095356378077, 25.039344508974786, 25.047970222346773, 25.55356606578808, 25.73863392869671, 25.288007527238904, 25.232337861830924, 25.215545380241593, 25.37771144814416, 25.165379877648082, 24.95906710315431, 25.633116299414723, 25.552637042744244, 25.653102389830263, 25.650059273894307, 25.537209326006224, 25.461496536233568, 25.560846252989517, 25.61611246030218, 25.57318771749027, 25.446309598375763, 25.381068509630374, 25.14337415206078, 25.07921014929265, 25.130812895224256, 25.07757235229955, 25.12821215323359], "train_acc": [0.08287055202994491, 0.16222362121237804, 0.27162422699784167, 0.35340464188807863, 0.39634078094129255, 0.4222584564245283, 0.4480269837302238, 0.4635737200091744, 0.4737462857073176, 0.48134999535063283, 0.4930124256783038, 0.4945590933949138, 0.49721507955263106, 0.5002746131637654, 0.5060126859639311, 0.5077413847085175, 0.5096658389889568, 0.5120064337415355, 0.5144338209644206, 0.5176246379896507, 0.5216089298249414, 0.5207586396929609, 0.5219466475049688, 0.5218464775047026, 0.5221337306592603, 0.5249438416657666, 0.529326533277962, 0.5299689332919515, 0.5281808427631579, 0.5278325776454286, 0.5287648064087984, 0.5321748021275893, 0.529220188401366, 0.5284550090106459, 0.528094669136596, 0.5293753914743163, 0.5303029355099493, 0.5311622728918194, 0.5315598413016105, 0.5349522013538347, 0.5360125367880879, 0.5374670859510838, 0.5376209640908675, 0.5385806155976723, 0.540472275223822, 0.5402576326993739, 0.5404997294250556, 0.5405063892925766, 0.541085503678978, 0.54178479371122, 0.5424369313836276, 0.5421450834479662, 0.5416250937892798, 0.5426435864407779, 0.5435179453175895, 0.5440132946162574, 0.5442259713719655, 0.5447210069731905, 0.5445239444179139, 0.5446308331069248, 0.5451652088620554], "test_acc": [0.07766903800692776, 0.1560321154110952, 0.26078031570523774, 0.33712199266351567, 0.3801790261863788, 0.4035705758296266, 0.43346077574904796, 0.4455226828324864, 0.4539885464246316, 0.461771339500611, 0.47525507605316086, 0.4743638373278022, 0.4753035512429217, 0.4788869914716245, 0.48350636361612, 0.48580919771981296, 0.48726535308537955, 0.4876846381214932, 0.48941267146728534, 0.49182992505084683, 0.4961767901275526, 0.49419147984514744, 0.49366792930353853, 0.4942051594213022, 0.49441613316161853, 0.49657306982444405, 0.49943993519191004, 0.5009368138508552, 0.4995114944258366, 0.498894707411218, 0.4996084315320769, 0.5016203645645211, 0.4999513740645674, 0.4991063905159544, 0.4983915626815743, 0.5000876375003042, 0.4998550836358658, 0.4996069441981172, 0.49995865508093396, 0.502987066801679, 0.503201297319272, 0.504468647009898, 0.5056346617065819, 0.5060190899971653, 0.5077843303572449, 0.5079380025587218, 0.5080168974283181, 0.5083023291125464, 0.5085466547839521, 0.5082360727878825, 0.5085573759324191, 0.5089123326872447, 0.5092929707905267, 0.5106195817072602, 0.5112814396306653, 0.5113816535160568, 0.5119348990217192, 0.5116823875624695, 0.5121041062349281, 0.511664523236747, 0.5123772593697824],