{"FedMLP-bal": [{"loss": [63.44115927482963, 51.083324172411345, 47.94922848604713, 49.746448684376574, 53.1477548675306, 57.68838277602063, 62.415986786581904, 66.99888811876893, 70.00929558343324, 74.7539683635159, 76.59039932089223, 79.31586226377145, 80.0147105510159, 83.00584360013882, 83.05207355620583, 86.96752498343639, 88.89167797198385, 90.14553492554265, 93.38028309960248, 96.43734570213907, 97.258482685118, 97.80300427301552, 100.4073172679518, 103.90406592117301, 104.32700868208923, 103.78455655879291, 103.49626382272211, 106.1185360041488, 107.02300048704883, 109.4258929064393, 109.27916895073511, 110.85096379472174, 112.59877182846417, 112.35394080680527, 111.12504091604619, 111.77366204528963, 114.93704647274105, 115.29668718055906, 117.07899532866924, 118.75509700553698, 118.65854647471289, 118.08669962298082, 118.54401851771517, 118.9781804091999, 119.56409005671063, 121.42649678784389, 120.2342465827707, 122.02250456485045, 122.35649263708355, 121.92449461288491, 121.91830963489083, 122.20752027069662, 122.52854559723625, 122.47927331130111, 122.34877922293033, 122.43456488989148, 122.65353499850139, 122.61687791834932, 122.58592221810324, 122.71273435528143, 122.74001278749685], "train_acc": [0.040839179363331826, 0.04703784350731971, 0.05344060127110798, 0.07230042051064214, 0.08985229930338567, 0.107786531701616, 0.12434692195549593, 0.1520727082090167, 0.1702113817712736, 0.1868741847642686, 0.19993312819286735, 0.21437096985600634, 0.22317070049789503, 0.23526890476523882, 0.24439087129536752, 0.25276397267713674, 0.2584395706106518, 0.2647465452385647, 0.27036982910392354, 0.2757209804871839, 0.2811533812906837, 0.2847045351354313, 0.2877838853611874, 0.29188758684342125, 0.2962965094412163, 0.2991502891936878, 0.3015547258133437, 0.30496745396300295, 0.3075033768066214, 0.3092179663780824, 0.3110864866993398, 0.3132717386453159, 0.31485441274676634, 0.31691953924623667, 0.31902294230651157, 0.32018944814716827, 0.3212076255030194, 0.32334503617600363, 0.32360408332462376, 0.32354601230052676, 0.32469613593116475, 0.3254352889419885, 0.32552020717198443, 0.3254794872325625, 0.3268122617158068, 0.32691872670143024, 0.3267054305199224, 0.3268119967417513, 0.32762300455364674, 0.3280422643309383, 0.3283427623599639, 0.3283389712648326, 0.3286944975252843, 0.32866272884032194, 0.32901622260071217, 0.328889452785836, 0.3290068523573936, 0.32921358579556215, 0.32926942515823887, 0.3293658565978138, 0.329321876807977], "test_acc": [0.04804541317664828, 0.05448214499247685, 0.061460220695830174, 0.07892650514232054, 0.09497157853382912, 0.11179345976810785, 0.12745262673912336, 0.1507295600750946, 0.16782048093226, 0.1829018614036989, 0.19436914889724527, 0.20763076166291894, 0.2136240764198243, 0.22412288864723207, 0.23372930523788474, 0.23910208300748775, 0.24548079872269662, 0.2484093813346662, 0.2546337494079713, 0.258423571612733, 0.26233578049222045, 0.26454302408554553, 0.26752218582903897, 0.26915648294106437, 0.27391713908029997, 0.27590265386787244, 0.2782313901008645, 0.2811939542569391, 0.2821046274617507, 0.2835829621484373, 0.2849422227394568, 0.28619597067450864, 0.28774367962908626, 0.29103991687339564, 0.29129753353190035, 0.2929044609754082, 0.29367065856226243, 0.294688921988124, 0.2963417709211248, 0.29669039998107105, 0.298668463837621, 0.2994355719093014, 0.2992312160427308, 0.2996114574847714, 0.2991675135465012, 0.29936234947686663, 0.3006612716483603, 0.30036985740005573, 0.3000620279034607, 0.30030937234512195, 0.30048412683592, 0.301008846751082, 0.3014297451665413, 0.3007845452797549, 0.3012855937430177, 0.3016022483061688, 0.30173572200905935, 0.3020343225262844, 0.3019357454248284, 0.3020366953893837, 0.30183826836153216], "coef": [1.0, 1.0, 1.0, 1.0, 1.0, 1.0, 1.0, 1.0, 1.0, 1.0, 1.0, 1.0, 1.0, 1.0, 1.0, 1.0, 1.0, 1.0, 1.0, 1.0, 1.0, 1.0, 1.0, 1.0, 1.0, 1.0, 1.0, 1.0, 1.0, 1.0, 1.0, 1.0, 1.0, 1.0, 1.0, 1.0, 1.0, 1.0, 1.0, 1.0, 1.0, 1.0, 1.0, 1.0, 1.0, 1.0, 1.0, 1.0, 1.0, 1.0, 1.0, 1.0, 1.0, 1.0, 1.0, 1.0, 1.0, 1.0, 1.0, 1.0, 1.0]}, {"loss": [66.74524683714033, 51.09218496123328, 44.728489867609476, 43.604033853838025, 45.73501585373549, 49.95406643878565, 55.44942912256278, 60.24424599614304, 66.27358933303887, 72.06755362466873, 76.20586119896832, 77.64231562145065, 82.14905124069283, 81.89737466872792, 84.24355350438542, 88.03608918514955, 89.24680312578874, 91.14178494526124, 93.4334074094523, 97.02294700041014, 97.1908188829032, 99.00407730865093, 102.92198838181474, 101.05320121229808, 101.29562681410904, 103.59801266326981, 104.67252694543475, 104.1827078929518, 104.1686803441286, 104.82163191924849, 104.4813499238863, 105.96569855029026, 106.2020202667529, 107.67073058311775, 111.86715890806411, 111.38462710200025, 113.18039687578874, 111.80901523457219, 113.39570918846226, 112.16703261058177, 113.30070557996277, 112.53969620575151, 114.30415386602411, 114.10826632303761, 114.32998446176174, 115.36380576413427, 114.45457431537102, 114.98189859327675, 115.13802017604745, 116.78000575782433, 117.00117177640712, 116.74658400310764, 117.37104026336131, 117.03313780721543, 117.35629298649673, 117.39528055590611, 117.3799865815087, 117.80003785966683, 117.71966370953749, 117.71068017257699, 117.7395185906739], "train_acc": [0.03752158396871916, 0.04170175237128614, 0.04970136466100765, 0.06436105217688999, 0.08031223397031403, 0.10428231856290986, 0.12578932410368765, 0.15225593567056825, 0.1684449677338427, 0.18608036445236534, 0.19915215367192213, 0.21058001436680204, 0.2185002060855803, 0.22742999053788732, 0.2341810733492664, 0.24164801714480397, 0.24655056228658037, 0.25085614818861046, 0.255644238883611, 0.2593399849790444, 0.26439251650016926, 0.2684442884264014, 0.2707097793835632, 0.2746733855787525, 0.2792855986685624, 0.2816960587265723, 0.2847047208655474, 0.286833299749371, 0.28900358106245017, 0.2908152874825671, 0.29393374233764835, 0.29460388417888106, 0.29652686292493413, 0.2977303320768219, 0.2982223541856383, 0.2998466416023578, 0.30052098755242257, 0.302395140135146, 0.3039909175369746, 0.30574821834577626, 0.30658990603016323, 0.3071374995317101, 0.30760271117775984, 0.3080645392918089, 0.3088078087884246, 0.3089938357974658, 0.30957933712319435, 0.31059633478686344, 0.3110662999273946, 0.31113685593459006, 0.3111018578662285, 0.3118606099608738, 0.3118733923550191, 0.3121449659835088, 0.3125176928800776, 0.31227886691882634, 0.3125428929644446, 0.31272823666857025, 0.31271620977485903, 0.3125609456447115, 0.31261709587744674], "test_acc": [0.043332919608346954, 0.04773028900662126, 0.05540022199053918, 0.06878996229244251, 0.08626444325203333, 0.11157677535918883, 0.13075519103583724, 0.15696650671145654, 0.17286641206745698, 0.19007674302295832, 0.20287425143124121, 0.21204132014024135, 0.2172259085066071, 0.22792437972929955, 0.23454265237056449, 0.24062383701591777, 0.2443947823931547, 0.2488705086555818, 0.2525019117341603, 0.2540671657087112, 0.25399619207437, 0.2593135536007432, 0.26147862582145864, 0.2614444390912545, 0.2652883004585099, 0.2662710994602699, 0.2683682842777175, 0.2721977914095701, 0.27417615774033466, 0.27538737190920026, 0.27706337521297153, 0.27733160105206295, 0.2786188891572529, 0.2791506380701549, 0.2803072993072994, 0.2806662069902776, 0.2828747051219034, 0.282038442642931, 0.2847064156657184, 0.28400453037819695, 0.28550666553901655, 0.2862077204101986, 0.2860130656639516, 0.28788280371580477, 0.2865152826392412, 0.2871753857425929, 0.2871335077578995, 0.2878134101342722, 0.2878330524946615, 0.28804402078101093, 0.28783391668045993, 0.28793253393196033, 0.2875058649857358, 0.28788849603250727, 0.28774167487377444, 0.28795716894386064, 0.2878316290945284, 0.2879214028888619, 0.2884170142884582, 0.2882319914694052, 0.2881536510527583],