{"FedMLP-bal": [{"loss": [16.605381204562853, 12.945537207060482, 10.364194472234328, 9.616530461597765, 10.15466623148312, 10.163955776783265, 10.62446270853049, 10.958292446315372, 11.261043727481182, 11.834808605394304, 12.756772271413048, 12.71054119779259, 14.004497661297489, 14.837690993997775, 15.598089269525014, 16.699877627617678, 16.775468066932437, 16.118359737970994, 16.894751456463748, 16.993816904811368, 17.583303268453932, 18.385686877054074, 18.110924843518088, 19.01031889389242, 19.797827932844616, 20.57579917199739, 20.68429330960169, 21.186634034031382, 21.962258154131224, 21.54063826914772, 21.128123694278838, 22.404136406497503, 20.202699367787353, 21.53474829130795, 22.03571791716427, 24.22493090274638, 24.173632510430178, 24.306594638523762, 24.973143642092865, 24.82808638256578, 25.949899704293134, 24.787892673715483, 26.499177870696187, 26.96044121633578, 27.286846994473485, 28.979917837983, 28.164316080306918, 27.868338392109624, 29.157989033014086, 29.912103089998876, 29.452635780871926, 29.44450255093092, 29.759139025004366, 29.928159343389854, 30.01915872970091, 29.967838723558174, 30.028159630843394, 30.11018343871997, 30.020366838463193, 30.043642292620298, 30.223656247271627], "train_acc": [0.08526003294829126, 0.12749914790912445, 0.24871522000607516, 0.34153190567777214, 0.4200810676340481, 0.44175237273198986, 0.4751627487811734, 0.4875318625193231, 0.5020268106093964, 0.5026582048412273, 0.5280171512777311, 0.5358847925587313, 0.5449365750185869, 0.552979644983327, 0.5571655089551432, 0.5620491968574627, 0.5668167329825177, 0.5719915932201634, 0.5749088768254533, 0.5753022713140888, 0.5759484869822408, 0.5791665471308773, 0.5808335756802251, 0.5799252698365928, 0.5759895458436042, 0.5736372483116515, 0.5765693011440219, 0.5780402580106496, 0.5758454466873351, 0.5781455355769993, 0.5812950987921303, 0.582645037113246, 0.586992261770602, 0.585741411351135, 0.5858160769833103, 0.5832684185669836, 0.5837199427078312, 0.5842902899551564, 0.5844490863436431, 0.5854420552893844, 0.5838446582757632, 0.5863549287336234, 0.5827515478539234, 0.5827501705508983, 0.5829215174871154, 0.5792250911361454, 0.5816241146793595, 0.5828064365053656, 0.5802796061354094, 0.5786658941276566, 0.5804882915427225, 0.5810845906005244, 0.5797514812462723, 0.5798505440694536, 0.5806315980533625, 0.5812613476803999, 0.58123772848349, 0.5809613376651032, 0.5813199335914642, 0.5810913189853302, 0.5807061681673151], "test_acc": [0.08214097566476819, 0.1179779643375487, 0.2315747115833468, 0.32448558773193903, 0.3990557508846796, 0.4204112382894186, 0.4584558648379711, 0.4702693350658983, 0.48535416195321435, 0.4836086640336735, 0.5083077717359903, 0.5147676688341707, 0.5242420111372988, 0.527900024156201, 0.5320483923115082, 0.5342898016378219, 0.5379457553480803, 0.5438495297150993, 0.5461705336282966, 0.5461921420514719, 0.5470890111458061, 0.5475010885497273, 0.5474476666631374, 0.5443221900790787, 0.5430122988387845, 0.5414068703261533, 0.5432430987215149, 0.5431377633704333, 0.5431379155663761, 0.5445491873556014, 0.5453595456997046, 0.5448573485188597, 0.5476910337869959, 0.5470962921630985, 0.5468833750072657, 0.5462300254041651, 0.5462229703638892, 0.5457482783131054, 0.5451034264683985, 0.5455683577735899, 0.5438562564900556, 0.5456586643462, 0.5430800428899288, 0.5421289773229202, 0.5422246443158435, 0.539518863810261, 0.5424702469302365, 0.5435061323249193, 0.540911903127683, 0.5403695687902144, 0.5418002638919295, 0.5423009841822352, 0.5409490659721021, 0.5409911373183223, 0.5415508196337664, 0.5429347853692195, 0.5426228043625533, 0.542499059977305, 0.5428504129989806, 0.5425109454806042, 0.5419597092152714], "coef": [1.0, 1.0, 1.0, 1.0, 1.0, 1.0, 1.0, 1.0, 1.0, 1.0, 1.0, 1.0, 1.0, 1.0, 1.0, 1.0, 1.0, 1.0, 1.0, 1.0, 1.0, 1.0, 1.0, 1.0, 1.0, 1.0, 1.0, 1.0, 1.0, 1.0, 1.0, 1.0, 1.0, 1.0, 1.0, 1.0, 1.0, 1.0, 1.0, 1.0, 1.0, 1.0, 1.0, 1.0, 1.0, 1.0, 1.0, 1.0, 1.0, 1.0, 1.0, 1.0, 1.0, 1.0, 1.0, 1.0, 1.0, 1.0, 1.0, 1.0, 1.0]}, {"loss": [17.69666573016902, 13.100891058470193, 10.63637393364481, 8.584223996757913, 8.178243606253742, 8.34185432612218, 8.369342019091203, 8.71689260555489, 9.473653640701395, 10.14424355894571, 11.016257358201605, 11.296626730275426, 12.074543919636564, 12.461273098962556, 13.498281843908245, 13.90708552756202, 13.919247102175994, 14.054220607242192, 15.378192780570245, 16.613238789701718, 17.387221647531682, 18.14085599815172, 19.391018190157435, 20.32256647679792, 20.844296460141205, 21.02529166059279, 21.830588458564986, 21.989587056425083, 21.620286517123265, 23.18239400296886, 24.24277715734369, 25.027889929995805, 26.502389932578016, 27.176660784750112, 26.1545508694349, 26.32129130366319, 26.651893361460257, 27.855467946104508, 27.551642758002707, 28.389889326002326, 28.436991182874237, 29.71020554097392, 29.31976403621018, 28.49542120615895, 29.362359632538883, 30.097902485625376, 30.10093954189455, 30.184770360675266, 30.554671275927333, 31.08656748610089, 31.829765811601195, 32.543339638147636, 32.597383741608304, 32.40853329462292, 32.48322940020237, 31.841188667158814, 31.997016037374028, 32.017085458865495, 31.865104862564078, 31.688009937707356, 31.480312648111653], "train_acc": [0.08287055202994491, 0.15838863243497722, 0.2328433123141501, 0.32881068735867347, 0.36592903283657263, 0.390297160518179, 0.4087602722593317, 0.42961243952586176, 0.4421301625126537, 0.444472189560783, 0.45242743231431, 0.45232273228902364, 0.4580839031260197, 0.4697334419296104, 0.47326480226839795, 0.48025636697950513, 0.4832066079467916, 0.4826887342782644, 0.48415359608929476, 0.4848395503271915, 0.486585826231813, 0.48453635555818353, 0.48313451467768437, 0.48004897587886675, 0.48063424843310554, 0.4805704506046501, 0.4800232182537819, 0.4833889968349879, 0.4850928098333007, 0.4811780894683214, 0.47801659865693125, 0.4777851609135054, 0.4734837295915545, 0.4756984867447584, 0.4768586162696217, 0.47828274527261394, 0.477418918390471, 0.476154426519135, 0.47869198239526317, 0.4781991492554072, 0.4794103937236434, 0.47696625627420736, 0.47797393631250407, 0.4819557646033874, 0.4795659943732809, 0.4784196654820576, 0.47659260039658974, 0.4762382615446554, 0.4747826249581616, 0.47424576079949904, 0.4745505198441272, 0.47295058855164385, 0.47326633596525963, 0.4746174751875958, 0.4742110595874799, 0.47547876461523597, 0.4749457020196412, 0.4753183624282619, 0.475494575310816, 0.47607428077174535, 0.47603522227833805], "test_acc": [0.07766903800692776, 0.15209761617539805, 0.2187361885367808, 0.31156320952002015, 0.34714169058113015, 0.368839413822193, 0.39023765806905136, 0.41085969730318544, 0.4227703485091828, 0.42490930603437904, 0.432817452269817, 0.43176019784427033, 0.43819613253973877, 0.45173587898409295, 0.45635027813195295, 0.46354116913198806, 0.4671278221606867, 0.46778321739368556, 0.4695805291512021, 0.4696932497073318, 0.47163979238141296, 0.4681217194326357, 0.46715373425894413, 0.4618397135579211, 0.46114826492082417, 0.45983646621976415, 0.4586198708459954, 0.4639844350052317, 0.46502745325480205, 0.46133909838833287, 0.4585496870425059, 0.45865668790498304, 0.4551088249923906, 0.45776073310637583, 0.459561755698432, 0.45930251609516304, 0.45865590094462483, 0.4564299724807781, 0.4587646312950261, 0.4581317621123568, 0.4592369006044848, 0.4578530287430966, 0.458636454438463, 0.46093018304125855, 0.4597759257387478, 0.4584836580370955, 0.4574964317892432, 0.4576376288967854, 0.456396044486013, 0.45615211230812946, 0.45589998366308987, 0.453831834954335, 0.45520577430423864, 0.4552889541482171, 0.4549069802798442, 0.4558904312263157, 0.4557833662674985, 0.4557227235007762, 0.4555861264376805, 0.4564331503342197, 0.4562072521978992],