{"FedMLP-bal": [{"loss": [63.44115927482963, 52.51099359935007, 47.645382353057165, 48.17621012903837, 51.782891325009466, 56.84322647179455, 58.31495681138787, 63.73329590090232, 65.53057192745142, 68.09518625181411, 66.92817902889955, 68.72974631065433, 69.40395475769813, 69.2410204067548, 72.08379236536156, 74.24168073258456, 75.6890555492018, 74.78916774790194, 75.94265073865787, 78.6671161680496, 77.47310041093513, 78.35856703132887, 79.44339856567075, 83.05507743484982, 85.82161836272716, 87.05395766618817, 86.90926423089664, 87.53391595153963, 88.9239481618343, 85.90945205033758, 85.31585733412733, 90.59558801780982, 89.96370623461951, 92.54399953858531, 93.4311318857269, 90.97349971210879, 95.12925157157055, 95.71087612593071, 96.6376166846763, 98.43753154972237, 99.26568588110487, 99.0873074481007, 98.86519271950719, 99.62558021911282, 100.42608935275744, 100.28563393251514, 100.17754039350392, 99.80515951342441, 100.35578178240156, 100.83341475462204, 101.73517064456082, 101.71757748414626, 101.96716437996908, 101.32445586588213, 101.99765546125694, 102.40307013306095, 102.21684666440561, 102.27759392943905, 102.15976015309502, 102.03130989517605, 102.01418283261295], "train_acc": [0.040839179363331826, 0.045700241977818676, 0.05651731083201668, 0.06949145379549905, 0.08473872116083707, 0.109145438322176, 0.12742658579581195, 0.15339855489274742, 0.1687180933023535, 0.18366243852330486, 0.19628856278112006, 0.2060608491301771, 0.21396889664851745, 0.2242427687293171, 0.2315477254510224, 0.23786932007985123, 0.24497906174142928, 0.2481941351940921, 0.2539913512473456, 0.2580685515782638, 0.2629239791908393, 0.2668103332166936, 0.2703506229516856, 0.27320741421460915, 0.27841826216419907, 0.2815496401723216, 0.2839204092779296, 0.2871739637361591, 0.2898918169865117, 0.29197036080593786, 0.29388178481167776, 0.2960105135850139, 0.2983955838828856, 0.30008344334046266, 0.30118374552765054, 0.30183288776019473, 0.3024806856491379, 0.30532733212594476, 0.3067005649092958, 0.30775307355718273, 0.3091452452938899, 0.30923097605368377, 0.31047241907732087, 0.3109144997936655, 0.3117999737352634, 0.31259748528526216, 0.3134984709754963, 0.314004618721399, 0.31430804391313716, 0.31457818393230186, 0.31489673319124867, 0.31488986007468983, 0.3148224333410353, 0.31546945613818345, 0.3156393190870904, 0.31581807621360847, 0.31615839312058797, 0.31604002104342005, 0.31644407659396073, 0.31654174823459424, 0.3166361958827261], "test_acc": [0.04804541317664828, 0.05296433575677025, 0.06536184894465812, 0.07701140267297983, 0.09267517898744405, 0.11571885861422364, 0.13123374570017418, 0.1533540257059748, 0.1656000166762451, 0.17826607931343819, 0.18892697156357588, 0.19796930224381057, 0.20429603645867914, 0.21205439339162008, 0.21972667806539295, 0.223608699722511, 0.2283944450480886, 0.23346652158623898, 0.2396741567307287, 0.24127585854860537, 0.24613370252660108, 0.2487751307224637, 0.2523433776819722, 0.2545805498517601, 0.2577277649471617, 0.260627344199642, 0.2641388104690934, 0.2677961328406048, 0.2680717841189859, 0.2718642373270504, 0.2736108957178895, 0.2748729525060848, 0.2762096513753282, 0.2789450291442907, 0.2783458361075123, 0.27939433688527193, 0.28036870590532903, 0.28239094038885804, 0.28221711531765653, 0.28355354330766164, 0.28461926481986916, 0.28511399202686444, 0.28590479827268944, 0.2855868916882603, 0.2860865107025998, 0.2869042053789286, 0.28657867545100024, 0.2871471395530737, 0.28726150288381436, 0.2863396493323681, 0.28797234953632644, 0.28809485635661797, 0.2877934723539396, 0.2876876252204264, 0.2885192538242002, 0.28931916834984706, 0.28944346955374267, 0.2896695126054662, 0.28984725348508666, 0.28976086370588844, 0.2898585727626625], "coef": [1.0, 1.0, 1.0, 1.0, 1.0, 1.0, 1.0, 1.0, 1.0, 1.0, 1.0, 1.0, 1.0, 1.0, 1.0, 1.0, 1.0, 1.0, 1.0, 1.0, 1.0, 1.0, 1.0, 1.0, 1.0, 1.0, 1.0, 1.0, 1.0, 1.0, 1.0, 1.0, 1.0, 1.0, 1.0, 1.0, 1.0, 1.0, 1.0, 1.0, 1.0, 1.0, 1.0, 1.0, 1.0, 1.0, 1.0, 1.0, 1.0, 1.0, 1.0, 1.0, 1.0, 1.0, 1.0, 1.0, 1.0, 1.0, 1.0, 1.0, 1.0]}, {"loss": [66.74524683714033, 50.24966601661093, 43.75127542217472, 41.046609661905286, 41.339826126522276, 44.1822241716226, 49.39573420640617, 52.335630136689176, 54.67616231149041, 57.164769164484476, 59.279631967559, 62.27398296512178, 66.80740693817832, 68.4016237754764, 68.408228266185, 71.09321636602411, 70.66370214301489, 71.3132650807673, 75.1884846964128, 75.44002126648473, 77.3891599097678, 80.74056466115599, 80.14861176291961, 83.277269558856, 84.20356102702233, 87.48883386310575, 86.37411660777386, 88.04827723726969, 91.48034526241482, 91.75682533876514, 90.19495041763945, 89.13478830136295, 91.57603409144687, 94.19912656565498, 94.98865688888188, 94.95400099775998, 96.21869478798587, 97.89497935465043, 99.39453125, 101.00541595351149, 104.44750348032875, 103.22378094830577, 104.36031951981323, 105.71255368382445, 107.76043852142226, 109.21458395775493, 107.83764882595595, 108.22575329891785, 109.73690637225518, 111.12339244305275, 111.84630577399356, 110.63920698786913, 110.76387744115976, 110.17997095453686, 110.07802690008202, 109.98114632958418, 109.63129195127145, 109.60980683682483, 109.67927636768046, 109.5351892786156, 109.65382781936206], "train_acc": [0.03752158396871916, 0.04264297181489117, 0.048467315885201964, 0.06114113827991596, 0.07427652906145017, 0.08928858722285493, 0.10760063207158894, 0.12591532419803092, 0.1411456656843372, 0.16001974544503866, 0.17597564401101135, 0.1852604475330482, 0.1943276070878779, 0.20378468689667692, 0.21329510271832697, 0.22276451665686764, 0.23143554226841964, 0.23737249324808163, 0.24485046232521235, 0.24922937790036226, 0.25270843383646574, 0.2581140760363629, 0.26296356111062014, 0.2655080435296462, 0.2702711127373859, 0.273671143726685, 0.2784818808232134, 0.2827534268860717, 0.285437588370136, 0.28758210549095936, 0.29007375075700104, 0.2916658887244331, 0.292599957409251, 0.293707522152992, 0.2960392986671251, 0.29880649119308283, 0.30007682416416637, 0.3005407319680646, 0.30218622806434736, 0.30269765437964546, 0.3027860970933386, 0.30428745072761115, 0.3056286671747849, 0.3060930973751433, 0.3069356857298553, 0.3069760643152917, 0.3073381946261538, 0.3077626778830934, 0.30771680631326087, 0.3077490445753361, 0.3083913679273662, 0.308642452203513, 0.3087917812416915, 0.30886424701007353, 0.30939469131090197, 0.30923808378440254, 0.30917345637356697, 0.3092552528326925, 0.3093799005545412, 0.30962784029743895, 0.30971209828539054], "test_acc": [0.043332919608346954, 0.049380600361906904, 0.05581655393794547, 0.06734669038728179, 0.07953520163025178, 0.09532089646745388, 0.11657755637202763, 0.13352533700549712, 0.14914149806587487, 0.16583598063977367, 0.1825931903319623, 0.19127981866846322, 0.20011385295542997, 0.210240230039283, 0.21820143519633883, 0.22355161737813917, 0.22904532538669975, 0.23291234233847363, 0.23812160304989113, 0.2418936546383348, 0.24617787913697886, 0.24886595760586336, 0.2516827807209608, 0.25281520825154435, 0.25685102644016844, 0.2593069429301615, 0.26343437832435634, 0.265724762950367, 0.26910032140440676, 0.2703168061011466, 0.27222913146473726, 0.27449132194037346, 0.2729009510181708, 0.2758857951981915, 0.2772310287713986, 0.27840722749130803, 0.27983901739428485, 0.27987130403110827, 0.2812908255170871, 0.28146509371900236, 0.2825860282493036, 0.28202774835181094, 0.28262719621782134, 0.28163657385794627, 0.2822119289523398, 0.283114898350992, 0.2831888207195243, 0.28362690017985603, 0.2834194543106155, 0.28310604487158064, 0.28402847861343866, 0.28405534310127584, 0.28508735885629455, 0.28499505907314787, 0.2857399375196245, 0.28551101837678694, 0.28551777337756135, 0.2856580523623857, 0.2857087148744519, 0.28572889392175493, 0.2858390725566208],